APA,Crate,FEMB #,POSITION,WIB CONNECTION
NE,Crate4,S8,BB1,WIB6FEMB1
NE,Crate4,S24,BB2,WIB6FEMB0
NE,Crate4,S29,BB3,WIB5FEMB3
NE,Crate4,S43,BB4,WIB5FEMB2
NE,Crate4,S10,BB5,WIB5FEMB1
NE,Crate4,S12,BB6,WIB5FEMB0
NE,Crate4,S16,BB7,WIB4FEMB3
NE,Crate4,S37,BB8,WIB4FEMB2
NE,Crate4,S42,BB9,WIB4FEMB1
NE,Crate4,3,B10,WIB4FEMB0
NE,Crate4,16,B11,WIB3FEMB3
NE,Crate4,18,B12,WIB3FEMB2
NE,Crate4,42,B13,WIB3FEMB1
NE,Crate4,33,B14,WIB3FEMB0
NE,Crate4,4,B15,WIB2FEMB3
NE,Crate4,46,B16,WIB2FEMB2
NE,Crate4,52,B17,WIB2FEMB1
NE,Crate4,19,B18,WIB2FEMB0
NE,Crate4,10,B19,WIB1FEMB3
NE,Crate4,49,B20,WIB1FEMB2
NE,Crate4,65,B21,WIB1FEMB1
NE,Crate4,32,B22,WIB1FEMB0
SE,Crate3,26,B23,WIB6FEMB1
SE,Crate3,48,B24,WIB6FEMB0
SE,Crate3,47,B25,WIB5FEMB3
SE,Crate3,38,B26,WIB5FEMB2
SE,Crate3,29,B27,WIB5FEMB1
SE,Crate3,15,B28,WIB5FEMB0
SE,Crate3,17,B29,WIB4FEMB3
SE,Crate3,54,B30,WIB4FEMB2
SE,Crate3,61,B31,WIB4FEMB1
SE,Crate3,22,B32,WIB4FEMB0
SE,Crate3,45,B33,WIB3FEMB3
SE,Crate3,58,B34,WIB3FEMB2
SE,Crate3,62,B35,WIB3FEMB1
SE,Crate3,S23,BB36,WIB3FEMB0
SE,Crate3,S32,BB37,WIB2FEMB3
SE,Crate3,S19,BB38,WIB2FEMB2
SE,Crate3,S7,BB39,WIB2FEMB1
SE,Crate3,S15,BB40,WIB1FEMB0
SE,Crate3,S28,BB41,WIB1FEMB3
SE,Crate3,S9,BB42,WIB1FEMB2
SE,Crate3,S45,BB43,WIB1FEMB1
SE,Crate3,S2,BB44,WIB2FEMB0
SW,Crate1,S11,AA1,WIB6FEMB1
SW,Crate1,S3,AA2,WIB6FEMB0
SW,Crate1,S6,AA3,WIB5FEMB3
SW,Crate1,S21,AA4,WIB5FEMB2
SW,Crate1,S13,AA5,WIB5FEMB1
SW,Crate1,S14,AA6,WIB5FEMB0
SW,Crate1,S27,AA7,WIB4FEMB3
SW,Crate1,S31,AA8,WIB4FEMB2
SW,Crate1,S44,AA9,WIB4FEMB1
SW,Crate1,37,A10,WIB4FEMB0
SW,Crate1,14,A11,WIB3FEMB3
SW,Crate1,1,A12,WIB3FEMB2
SW,Crate1,40,A13,WIB3FEMB1
SW,Crate1,30,A14,WIB3FEMB0
SW,Crate1,36,A15,WIB2FEMB3
SW,Crate1,34,A16,WIB2FEMB2
SW,Crate1,2,A17,WIB2FEMB1
SW,Crate1,8,A18,WIB2FEMB0
SW,Crate1,41,A19,WIB1FEMB3
SW,Crate1,7,A20,WIB1FEMB2
SW,Crate1,31,A21,WIB1FEMB1
SW,Crate1,60,A22,WIB1FEMB0
NW,Crate2,20,A23,WIB4FEMB0
NW,Crate2,5,A24,WIB6FEMB0
NW,Crate2,9,A25,WIB5FEMB3
NW,Crate2,NN,A26,WIB5FEMB2
NW,Crate2,39,A27,WIB5FEMB1
NW,Crate2,50,A28,WIB5FEMB0
NW,Crate2,12,A29,WIB4FEMB3
NW,Crate2,21,A30,WIB4FEMB2
NW,Crate2,13,A31,WIB4FEMB1
NW,Crate2,35,A32,WIB6FEMB1
NW,Crate2,44,A33,WIB3FEMB3
NW,Crate2,63,A34,WIB3FEMB2
NW,Crate2,43,A35,WIB3FEMB1
NW,Crate2,S20,AA36,WIB3FEMB0
NW,Crate2,S41,AA37,WIB2FEMB3
NW,Crate2,S38,AA38,WIB2FEMB2
NW,Crate2,S40,AA39,WIB2FEMB1
NW,Crate2,S4,AA40,WIB2FEMB0
NW,Crate2,S25,AA41,WIB1FEMB3
NW,Crate2,S17,AA42,WIB1FEMB2
NW,Crate2,S36,AA43,WIB1FEMB1
NW,Crate2,S35,AA44,WIB1FEMB0
